{
"width": 1812, "height": 1719,
"format": "jpg",
"type":"ptm",
"colorspace":"lrgb",
"lights": [0.020, -0.171, 0.985, -0.195, -0.083, 0.977, -0.413, 0.135, 0.900, -0.525, 0.323, 0.787, -0.549, 0.532, 0.645, -0.400, 0.863, 0.310, -0.102, 0.992, 0.074, 0.248, 0.968, 0.024, 0.574, 0.817, 0.056, 0.985, -0.156, 0.073, 0.793, 0.273, 0.545, 0.693, 0.088, 0.716, 0.482, -0.861, 0.165, 0.269, -0.148, 0.952, 0.216, 0.008, 0.976, 0.435, -0.864, 0.255, 0.615, 0.223, 0.756, 0.864, -0.495, 0.092, 0.976, -0.147, 0.164, 0.334, 0.905, 0.264, 0.015, 0.953, 0.301, -0.907, -0.007, 0.421, -0.889, -0.297, 0.349, -0.371, 0.317, 0.873, -0.218, 0.138, 0.966, -0.010, 0.023, 1.000, 0.066, 0.181, 0.981, 0.263, 0.163, 0.951, 0.358, 0.163, 0.919, 0.706, -0.200, 0.679, 0.833, -0.508, 0.219, 0.255, 0.816, 0.518, -0.004, 0.818, 0.576, -0.538, 0.115, 0.835, -0.450, -0.114, 0.886, -0.263, -0.905, 0.335, -0.125, -0.942, 0.312, 0.273, 0.368, 0.889, 0.501, -0.804, 0.320, 0.144, 0.681, 0.718, -0.242, -0.134, 0.961],
"nplanes": 9,
"quality": 95,
"materials": [
{
 "scale": [1,1,1,3.38625,4.31638,4.44773,8.25964,9.49516,5.22088],
 "bias": [0,0,0,0.0755357,0.509478,0.551191,0.526972,0.400304,0.474693] }
]
}
